ID	Title	Authors	year	pubtitle	volume	issue	pages	Duplicate	Abstract?	Full-text?	Include?	Reason
13	Community resilience and health: The role of bonding, bridging, and linking aspects of social capital	" Wouter, Poortinga
Poortinga
Poortinga Wouter
Wouter
Wouter, Poortinga"	2012	Health & Place	18	2	 286-295	0	1	1	1	
16	'On the street where you live': Neighbourhood deprivation and quality of life among community-dwelling older people in Edinburgh, Scotland	" Mottus, Rene
Gale, Catharine R
Starr, John M
Deary, Ian J
"	2012	Social Science & Medicine	74	9	 1368-1374	0	1	1	1	
23	Exploring Health Priorities for Young People Leaving Care	" Matthews, Susan
Sykes, Susie"	2012	Child Care in Practice	18	4	 393-407	0	1	1	1	
32	Defying the odds?: identifying and understanding the relationship between health and resilience	" Cairns, Joanne-Marie
Cairns
Joanne-Marie
Cairns, Joanne-Marie"	2013	PQDT - UK & Ireland				0	1	1	1	
37	Work-related needs and experiences of people recovering from mental health problems	" Cameron, Josh
Cameron
Josh
Cameron, Josh"	2013	PQDT - UK & Ireland				0	1	1	1	
46	Defying the odds: A mixed-methods study of health resilience in deprived areas of England	" Cairns-Nagi, Joanne Marie
Bambra, Clare"	2013	Social Science & Medicine	91		 229-237	0	1	1	1	
67	Sports participation and health during periods of educational transition: a study of 30-35-year-olds in north-west England	" Haycock, David
Smith, Andy"	2014	Sport, Education and Society	19	2	 168-185	0	1	1	1	
78	Coping in Parents and Caregivers of Children with Autism Spectrum Disorders (ASD): a Review	" Lai, Wei Wei
Oei, Tian Po; S"	2014	Review Journal of Autism and Developmental Disorders	1	3	 207-224	0	1	1	1	
90	Variations in the relation between education and cause-specific mortality in 19 European populations: A test of the 'fundamental causes' theory of social inequalities in health	" Mackenbach, Johan P
Kulhanova, Ivana
Bopp, Matthias
Deboosere, Patrick
 Eikemo, Terje A
Hoffmann, Rasmus
Kulik, Margarete C
Leinsalu, Mall
Martikainen, Pekka
Menvielle, Gwenn
Regidor, Enrique
Wojtyniak, Bogdan
Ostergren, Olof
Lundberg, Olle"	2015	Social Science & Medicine	127		 51-62	0	1	1	1	
96	Risk and resilience: health inequalities, working conditions and sickness benefit arrangements: an analysis of the 2010 European Working Conditions survey	" Wel, Kjetil A
Bambra, Clare
Dragano, Nico
Eikemo, Terje A
 Lunau, Thorsten"	2015	Sociology of Health & Illness	37	8	 1157-1172	0	1	1	1	
98	Peer support as a resilience building practice with men	" Robinson, Mark
Raine, Gary
Robertson, Steve
Steen, Mary
Day, Rhiannon"	2015	Journal of Public Mental Health	14	4	 196-204	0	1	1	1	
173	A longitudinal investigation of repressive coping and ageing	Erskine, J; Kvavilashvili, L; Myers, L; Leggett, S; Davies, S; Hiskey, S; Hogg, J; Yeo, S; Georgiou, G	2016	Aging & Mental Health	20	10		0	1	1	1	
195	Access to healthcare for long-term conditions in women involved in street-based prostitution: a qualitative study	Mastrocola, EL; Taylor, AK; Chew-Graham, C	2015	BMC Family Practice	16			0	1	1	1	
204	This divided land: An examination of regional inequalities in exposure to brownfield land and the association with morbidity and mortality in England	Bambra, C; Cairns, JM; Kasim, A; Smith, J; Robertson, S; Copeland, A; Johnson, K	2015	Health & Place	34			0	1	1	1	
206	Resilience of health-care workers in the UK; a cross-sectional survey	Sull, A; Harland, N; Moore, A	2015	Journal Of Occupational Medicine And Toxicology	10			0	1	1	1	
208	A Systematic Review on Health Resilience to Economic Crises	Glonti, K; Gordeev, VS; Goryakin, Y; Reeves, A; Stuckler, D; McKee, M; Roberts, B	2015	Plos One	10	4		0	1	1	1	
241	The Contribution of Social Networks to the Health and Self-Management of Patients with Long-Term Conditions: A Longitudinal Study	Reeves, D; Blickem, C; Vassilev, I; Brooks, H; Kennedy, A; Richardson, G; Rogers, A	2014	Plos One	9	6		0	1	1	1	Independently reviewed by colleague
242	The effects of socioeconomic incongruity in the neighbourhood on social support, self-esteem and mental health in England	Albor, C; Uphoff, EP; Stafford, M; Ballas, D; Wilkinson, RG; Pickett, KE	2014	Social Science & Medicine	111			0	1	1	1	
250	National household survey of adverse childhood experiences and their relationship with resilience to health-harming behaviors in England	Bellis, MA; Hughes, K; Leckenby, N; Perkins, C; Lowey, H	2014	BMC Medicine	12			0	1	1	1	
272	Exploring the intergenerational persistence of mental health: Evidence from three generations	Johnston, DW; Schurer, S; Shields, MA	2013	Journal Of Health Economics	32	6		0	1	1	1	
307	The impact of the economic recession on well-being and quality of life of older people	Fenge, Lee-Ann; Hean, S; Worswick, L; Wilkinson, C; Fearnley, S; Ersser, S	2012	Health And Social Care In The Community	20	6	617-624	0	1	1	1	Manually added
308	Gender differences in the effect of breastfeeding on adult psychological well-being	Cable, Noriko; Bartley, Mel; McMunn, Anne; Kelly, Yvonne	2012	European Journal Of Public Health	22	5		0	1	1	1	Manually added
1	Three Essays on the Economics of Obesity	 Parr, Kathryn E.	2012	ProQuest Dissertations and Theses				0	1	0	0	US-based study
2	Intelligence quotient (IQ) in adolescence and later risk of alcohol-related hospital admissions and deaths-37-year follow-up of Swedish conscripts	" Sjolund, Sara
Allebeck, Peter
 Hemmingsson, Tomas"	2012	Addiction	107	1	 89-97	0	0	0	0	Swedish-based study
3	Coping with health care expenses among poor households: Evidence from a rural commune in Vietnam	" Nguyen, Kim Thuy
 Hai Khuat, Oanh Thi
Ma, Shuangge
Pham, Duc Cuong
Hong Khuat, Giang Thi
Ruger, Jennifer Prah"	2012	Social Science & Medicine	74	5	 724-733	0	0	0	0	Vietnamese study
4	In search of resilience and positive health outcomes in low-income adolescents with asthma	" DeWolff, Darla K.
DeWolff
K.
Darla
DeWolff, Darla K."	2012	ProQuest Dissertations and Theses				0	1	0	0	US-based study
5	"Do stress, discrimination, social support, coping and socio-economic status play a role in explaining black/white racial disparities in birth weight? Research Using the ""Healthy Neighborhoods, Healthy Families"" survey."	" Schuppie, Julie Ann
Schuppie
Ann
Julie
Schuppie, Julie Ann"	2012	ProQuest Dissertations and Theses				0	0	0	0	US-based study
6	Job Stress, Coping Strategies, and Perceived Health Status Among Thai Female Home-based Workers	" Boonkuna, Theerarat
Boonkuna
Theerarat
Boonkuna, Theerarat"	2012	ProQuest Dissertations and Theses				0	0	0	0	Thai/US study
7	Exploring Phenomenological Reflections: Positive Life Outcomes of African American Men	" Flynn, James H.
Flynn
H.
James
Flynn, James H."	2012	ProQuest Dissertations and Theses				0	0	0	0	US-based study
8	Exceptional Longevity: An Introduction to the Iowa Centenarian Study	" Martin, Peter
Deshpande-Kamat, Neha
 Margrett, Jennifer A
 Franke, Warren
Garasky, Steven
"	2012	International Journal of Aging and Human Development	75	4	 297-316	0	0	0	0	US-based study
9	Preparing health systems to protect public health from climate change in low-and middle-income countries	" Shumake-Guillemot, Melissa Joy
Shumake-Guillemot
Joy
Melissa
Shumake-Guillemot, Melissa Joy"	2012	ProQuest Dissertations and Theses				0	0	0	0	Low/middle income countries
10	Using Infectious Disease Modeling to Explain the Distribution of Disease Burden: from Health Economics to Molecular Epidemiology	" Plucinski, Mateusz
Plucinski
Mateusz
Plucinski, Mateusz"	2012	ProQuest Dissertations and Theses				0	1	1	0	US-based study; Simulation not based on data from any country
11	Predictors of Healthcare Utilization Among Latinos and Non-Latino Whites: Trauma, Generation of U.S. Residency, Perceived Health, and Protective Factors	" Conlon, Kristin N.
Conlon
N.
Kristin
Conlon, Kristin N."	2012	ProQuest Dissertations and Theses				0	0	0	0	US-based study
12	Spatial and social determinants of urban health in low-, middle- and high-income countries	" Chandola, T
T
T Chandola
Chandola
Chandola, T."	2012	Public Health	126	3	 259-261	0	1	1	0	Symposium
14	The Road to Psychological Safety: Legal, Scientific, and Social Foundations for a Canadian National Standard on Psychological Safety in the Workplace	" Shain, Martin
Arnold, Ian
GermAnn, Kathy"	2012	Bulletin of Science, Technology and Society	32	2	 142-162	0	0	0	0	Canadian study
15	Self-management programs conducted within a practice setting: Who participates, who benefits and what can be learned	" Packer, Tanya L
Boldy, Duncan
Ghahari, Setareh
Melling, Lauren
 Parsons, Richard
Osborne, Richard H"	2012	Patient Education and Counseling	87	1	 93-100	0	1	1	0	Australian study; Population: diabetic
17	Relating Kindergarten Attention to Subsequent Developmental Pathways of Classroom Engagement in Elementary School	" Pagani, Linda S
 Fitzpatrick, Caroline
 Parent, Sophie"	2012	Journal of Abnormal Child Psychology	40	5	 715-25	0	0	0	0	Not UK based
18	Exhausted women, tough men: a qualitative study on gender differences in health, vulnerability and coping with illness in Spain	" del Mar Garcia-Calvente, Maria
Hidalgo-Ruzzante, Natalia
Marcos-Marcos, Jorge
 Martinez-Morante, Emilia
 Maroto-Navarro, Gracia
Mateo-Rodriguez, Inmaculada
Gil-Garcia, Eugenia"	2012	Sociology of Health and Illness	34	6	 911-926	0	0	0	0	Spanish study
19	The Status of Mental Health Promotion	" Herrman, Helen
Jané-Llopis, Eva"	2012	Public Health Reviews	34	2	 1-21	0	1	1	0	Australian study
20	The Status of Mental Health Promotion	" Herrman, Helen, MD
Helen Herrman
Herrman
Helen
MD , Jané-Llopis, Eva, PhD
Eva Jané-Llopis
Jané-Llopis
Eva
PhD"	2012	Public Health Reviews	34	2	 1-21	1	0	0	0	Duplicate of 19
21	The persistence of health inequalities in modern welfare states: The explanation of a paradox	 Mackenbach, Johan P	2012	Social Science & Medicine	75	4	 761-769	0	1	0	0	Not empirical or systematic review
22	A perspective on the future public health practitioner	" Hanlon, Phil
 Carlisle, Sandra
Hannah, Margaret
Lyon, Andrew
Reilly, David"	2012	Perspectives in Public Health	132	5	 235-239	0	1	0	0	Not empirical or systematic review
24	Moving Ahead: Evaluation of a Work-Skills Training Program for Homeless Adults	" Nelson, Sarah E
Gray, Heather M
Maurice, Ingrid R
Shaffer, Howard J
"	2012	Community Mental Health Journal	48	6	 711-722	0	1	0	0	US-based study
25	Identity Crises in Love and at Work: Dispositional Optimism as a Durable Personal Resource	 Andersson, Matthew A	2012	Social Psychology Quarterly	75	4	 290-309	0	1	0	0	US-based study
26	Life Satisfaction in Older Women in Latvia and Sweden-Relations to Standard of Living, Aspects of Health and Coping Behaviour	" Horstmann, Vibeke
Haak, Maria
Tomsone, Signe
Iwarsson, Susanne
Grasbeck, Anne"	2012	Journal of Cross-Cultural Gerontology	27	4	 391-407	0	0	0	0	Latvian/Swedish study
27	The impact of migratory separation from parents on the health of adolescents in the Philippines	" Smeekens, Chantal
 Stroebe, Margaret S
 Abakoumkin, Georgios"	2012	Social Science & Medicine	75	12	 2250-2257	0	0	0	0	Philippines-based study
28	American Indian collegiate athletes: Accessing education through sport	" Ali-Christie, Alisse
Ali-Christie
Alisse
Ali-Christie, Alisse"	2013	ProQuest Dissertations and Theses				0	0	0	0	US-based study
29	A Family Resilience Model of Behavioral Health for Low-Income Ethnic Minority Families	" Taylor, Sherria Donae
Taylor
Donae
Sherria
Taylor, Sherria Donae"	2013	ProQuest Dissertations and Theses				0	1	1	0	US-based study
30	Hard aground: The &lt;i&gt;Exxon Valdez&lt;/i&gt; oil spill, social capital, and mental health twenty years after the disaster	" Morgan, Josh C.
Morgan
C.
Josh
Morgan, Josh C."	2013	ProQuest Dissertations and Theses				0	0	0	0	US-based study
31	Predictors of resilience among Hispanic adults: Stepwise analyses from late adolescence to adulthood	" Aguirre, Katherine Marie
Aguirre
Marie
Katherine
Aguirre, Katherine Marie"	2013	ProQuest Dissertations and Theses				0	0	0	0	US-based study
33	Alcohol consumption and adherence to self-care behaviours in Type 2 diabetes; the inclusion of brief interventions for alcohol in diabetes care	" Knott, Katy Elizabeth
Knott
Elizabeth
Katy
Knott, Katy Elizabeth"	2013	PQDT - UK & Ireland				0	1	0	0	Review of intervention for Type 2 diabetes patients. Independently reviewed by colleague
34	Economic Coping Mechanisms in Response to Household Health Shocks in Kagera, Tanzania: 1991-2004	" Pradhananga, Rosina
Pradhananga
Rosina
Pradhananga, Rosina"	2013	ProQuest Dissertations and Theses				0	0	0	0	Tanzanian study
35	Si se puede: An investigation of factors fostering allied health graduate degree completion for Latinos/as	" Olivares-Urueta, Mayra
Olivares-Urueta
Mayra
Olivares-Urueta, Mayra"	2013	ProQuest Dissertations and Theses				0	0	0	0	Americas
36	Three Essays on the Role of Public Policy in Shaping Parental Behavior in a Child's Early Life	" Martin-Anderson, Sarah
Martin-Anderson
Sarah
Martin-Anderson, Sarah"	2013	ProQuest Dissertations and Theses				0	1	1	0	US-based study
38	Why are you cast down, o my soul? Exploring intersections of ethnicity, gender, depression, spirituality and implications for Black British Caribbean women's mental health	" Edge, Dawn
"	2013	Critical Public Health	23	1	 39-48	0	1	1	0	Not empirical or systematic review
39	Annual Research Review: Resilience and mental health in children and adolescents living in areas of armed conflict -- a systematic review of findings in low- and middle-income countries	" Tol, Wietse A
Song, Suzan
Jordans, Mark J D"	2013	The Journal of Child Psychology and Psychiatry	54	4	 445-460	0	0	0	0	Low/middle income countries; Areas of armed conflict
40	Intergroup relations and health disparities: A social psychological perspective.	" Major, Brenda
Mendes, Wendy Berry
 Dovidio, John F"	2013	Health Psychology	32	5	 514-524	0	1	1	0	US-based study; Not empirical
41	Dilemmas and consequences of prior criminal record: a criminological perspective from England and Wales	" Thomas, Terry
 Hebenton, Bill"	2013	Criminal Justice Studies: A Critical Journal of Crime, Law and Society	26	2	 228-242	0	1	1	0	Not empirical or systematic review
42	Chemical sexualities: the use of pharmaceutical and cosmetic products by youth in South Sulawesi, Indonesia	" Hardon, Anita
 Idrus, Nurul Ilmi
Hymans, Takeo David"	2013	Reproductive Health Matters	21	41	 214-224	0	0	0	0	Indonesian study
43	The impact of social context on self-management in women living with HIV	" Webel, Allison R
Cuca, Yvette
Okonsky, Jennifer G
 Asher, Alice K
Kaihura, Alphoncina
Salata, Robert A"	2013	Social Science & Medicine	87		 147-154	0	1	1	0	US-based study
44	Attitudes of Older Adults Regarding Disclosure of Complementary Therapy Use to Physicians	" Arcury, Thomas A
Bell, Ronny A
Altizer, Kathryn P
Grzywacz, Joseph G
Sandberg, Joanne C
Quandt, Sara A"	2013	The Journal of Applied Gerontology	32	5	 627-645	0	1	1	0	US-based study
45	Neighbourhood deprivation and adolescent self-esteem: Exploration of the 'socio-economic equalisation in youth' hypothesis in Britain and Canada	" Fagg, James H
Curtis, Sarah E
Cummins, Steven
Stansfeld, Stephen A
Quesnel-Vallee, Amelie"	2013	Social Science & Medicine	91		 168-177	0	1	1	0	Sample CYP aged 11-15
47	The Methodological Challenges for the Estimation of Quality of Life in Children for Use in Economic Evaluation in Low-Income Countries	" Mabugu, Travor
Revill, Paul
van den Berg, Bernard"	2013	Value in Health Regional Issues	2	2	 231-239	0	0	0	0	Low-income countries
48	Formerly Homeless, Older Women's Experiences with Health, Housing, and Aging	 Waldbrook, Natalie	2013	Journal of Women & Aging	25	4	 337-357	0	1	1	0	Canadian study
49	Agreeableness, conscientiousness, and psychoticism: Distinctive influences of three personality dimensions in adolescence	" Heaven, Patrick CL
Ciarrochi, Joseph
Leeson, Peter
Barkus, Emma"	2013	British Journal of Psychology	104	4	 481-494	0	1	1	0	Australian study
50	Surviving the Great Recession: Growing Need and the Stigmatized Safety Net	 Sherman, Jennifer	2013	Social Problems	60	4	 409-432	0	1	0	0	US-based study
51	Organizational influence on health outcomes of school employees	Hileman, Wendy	2014	ProQuest Dissertations and Theses				0	1	0	0	US-based study
52	The Impact of Microfinance on the Socioeconomic Empowerment of Women in Nigeria	" Ngofa, Gloria
Ngofa
Gloria
Ngofa, Gloria"	2014	ProQuest Dissertations and Theses				0	0	0	0	Nigerian study
53	Health promoting schools: consensus, strategies, and potential	" Macnab, Andrew J
Gagnon, Faith A
Stewart, Donald"	2014	Health Education	114	3	 170-185	0	1	0	0	Not empirical or systematic review; results of symposium
54	Factors Contributing to Depressive Symptoms among Mexican Americans and Latinos	" Leung, Patrick
LaChapelle, Alicia R
Scinta, Ashleigh
Olvera, Norma"	2014	Social Work	59	1		0	0	0	0	Americas
55	Attitudes, Beliefs, and Knowledge of Type 2 Diabetes Self-Management Among Middle-Aged African Americans	" Garland, Katherine Denise
Garland
Denise
Katherine
Garland, Katherine Denise"	2014	ProQuest Dissertations and Theses				0	0	0	0	US-based study
56	The Association of Food Insecurity and Diabetes Complications	" Houseal, Delia Laverne
Houseal
Laverne
Delia
Houseal, Delia Laverne"	2014	ProQuest Dissertations and Theses				0	1	0	0	US-based study
57	When Family Comes First: Diabetes, Social Roles, and Coping among Women in Urban North India	" Weaver, Lesley Jo
Weaver
Jo
Lesley
Weaver, Lesley Jo"	2014	ProQuest Dissertations and Theses				0	0	0	0	Indian study
58	Youth adjustment in the context of neighborhood disadvantage: A focus on stress, coping, and mental health	" Westin, Anna M. L.
Westin
M. L.
Anna
Westin, Anna M. L."	2014	ProQuest Dissertations and Theses				0	1	0	0	US-based study
59	Expecting good things and feeling good: A sociological approach to health inequalities	" Andersson, Matthew Anders
Andersson
Anders
Matthew
Andersson, Matthew Anders"	2014	ProQuest Dissertations and Theses				0	1	0	0	US-based study
60	Counseling African American Male, Low Income, Substance Users: The Relationships Between Spirituality, Active Coping, Drug-Related Criminal Activity, Education, Treatment, and Substance Use	" Horne, Robert Antonio
Horne
Antonio
Robert
Horne, Robert Antonio"	2014	ProQuest Dissertations and Theses				0	0	0	0	US-based study
61	Reducing 30-day Hospital Readmissions of the Heart Failure Patient: A Nurse Practitioner-Led Intervention	" Rood, Linda M.
Rood
M.
Linda
Rood, Linda M."	2014	ProQuest Dissertations and Theses				0	0	0	0	US-based study
62	Bundle of joy: Pregnancy, coping, and depressive symptoms in adolescent girls	" Kaiser, Karen Claiborne
Kaiser
Claiborne
Karen
Kaiser, Karen Claiborne"	2014	ProQuest Dissertations and Theses				0	1	0	0	US-based study
63	Determinants of active ageing in Zambia	" Mapoma, Christopher Chabila
Christopher
Christopher Chabila Mapoma
Mapoma
Chabila
Mapoma, Christopher Chabila"	2014	Etude de la Population Africaine/African Population Studies	28	3	 1286-1296	0	0	0	0	Zambian study
64	Integration of a maternal psychosocial well-being component into an early child-development intervention	" Zafar, Shamsa
Zafar
Shamsa
Zafar, Shamsa"	2014	PQDT - UK & Ireland				0	1	1	0	Pakistani study
65	Access to Care Outcomes: A Telephone Interview Study of a Suburban Safety Net Program for the Uninsured	" Feinglass, Joe
Nonzee, Narissa J
Murphy, Kara R
Endress, Richard
Simon, Melissa A"	2014	Journal of Community Health	39	1	 108-17	0	1	0	0	US-based study
66	Multidisciplinary care: experience of patients with complex needs	" Maneze, Della
Dennis, Sarah
Chen, Huei-Yang
Taggart, Jane
Vagholkar, Sanjyot
Bunker, Jeremy
Liaw, Siaw Teng"	2014	Australian Journal of Primary Health - Interchange	20	1	 20-26	0	1	0	0	Australian study
68	Longitudinal Person-Related Determinants of Physical Activity in Young Adults	" UIJTDEWILLIGEN, LEONIE
 TWISK, JOS W R
 CHINAPAW, MAI J M
Koppes, Lando L J
Van Mechelen, Willem
Singh, Amika S"	2014	Medicine & Science in Sports & Exercise	46	3	 529-536	0	1	0	0	Dutch study
69	Protecting children from taking up smoking: parents' views on what would help	" Marck, K
Glover, M
Kira, A
McCool, J
Scragg, R
Nosa, V
Bullen, C"	2014	Health Promotion Journal of Australia	25	1	 59-64	0	1	0	0	New Zealand study
70	Undocumented Immigration Status and Diabetes Care Among Mexican Immigrants In Two Immigration 'Sanctuary' Areas	" Iten, A Elizabeth
Jacobs, Elizabeth A
Lahiff, Maureen
Fernandez, Alicia"	2014	Journal of Immigrant and Minority Health	16	2	 229-238	0	0	0	0	US-based study
71	A systematic review of the literature on self-management interventions and discussion of their potential relevance for people living with HIV in sub-Saharan Africa	" Aantjes, Carolien J
Ramerman, Lotte
Bunders, Joske F.G."	2014	Patient Education and Counseling	95	2	 185-200	0	0	0	0	Sub-Saharan Africa
72	Financial Coping Strategies of Mental Health Consumers: Managing Social Benefits	 Caplan, Mary Ager	2014	Community Mental Health Journal	50	4	 409-414	0	1	1	0	US-based study
73	Addressing health inequities: coronary heart disease training within learning disabilities services	" Holly, Deirdre
Sharp, John"	2014	British Journal of Learning Disabilities	42	2	 110-116	0	1	0	0	Review of intervention for heart disease for patients with learning disability. Independently reviewed by colleague.
74	Multiple Types of Harassment: Associations With Emotional Well-Being and Unhealthy Behaviors in Adolescents	" Bucchianeri, Michaela M
Eisenberg, Marla E
Wall, Melanie M
Piran, Niva
Neumark-Sztainer, Dianne"	2014	Journal of Adolescent Health	54	6	 724-729	0	1	0	0	US-based study
75	Planning Predicts Dental Service Attendance and the Effect is Moderated by Dental Anxiety and Educational Status: Findings from a One-Year Prospective Study	" Pakpour, Amir H
Gellert, Paul
Asefzadeh, Saeed
Sniehotta, Falko F"	2014	Applied Psychology: Health and Well-Being	6	2	 214-229	0	1	0	0	Iranian study
76	Social Resources and Disordered Living Conditions: Evidence From a National Sample of Community-Residing Older Adults	 Cornwell, Erin York	2014	Research on Aging	36	4	 399-430	0	1	0	0	US-based study
77	Determinants of active ageing in Zambia	 Mapoma, Christopher Chabila	2014	Etude de la Population Africaine	28	3	 1286-1296	1	0	0	0	Duplicate of 63
79	The Effects of Income and Skill Utilization on the Underemployed's Self-Esteem, Mental Health, and Life Satisfaction	" Roh, Youn Hee
Chang, Jae Yoon
Kim, Myung Un
Nam, Suk Kyung"	2014	Journal of Employment Counseling	51	3	 125-141	0	1	0	0	South Korean study
80	"""I see it now"": Using photo elicitation to understand chronic illness self-management/L'usage de la méthode de photo-interview pour mieux comprendre l'autogestion des maladies chroniques"	"Fritz, Heather
Lysack, Cathy"	2014	The Canadian Journal of Occupational Therapy	81	4	 247-255	0	1	1	0	US-based study
81	Association of Health Self- Empowerment with Health-Promoting Behaviors among Chronically Ill African American and non-Hispanic White Adolescents	" Tucker, Carolyn M
Wippold, Guillermo M
Smith, Tasia M
Desmond, Frederic F
Arthur, Tya M
Butler, Ashley M
Pauly, Rebecca R
Surrency, Sharon L"	2014	Journal of Health Care for the Poor and Underserved	25	4	 2019-2031	0	0	0	0	US-based study
82	Functional, communicative and critical health literacy of chronic disease patients and their importance for self-management	" Heijmans, Monique
Waverijn, Geeke
Rademakers, Jany
Vaart, Rosalie van der
Rijken, Mieke"	2015	Patient Education and Counseling	98	1	 41-48	0	1	0	0	Dutch study
83	Contribution of income to self-management and health outcomes in pediatric type 1 diabetes	 Rechenberg, Kaitlyn	2015	ProQuest Dissertations and Theses				0	1	1	0	US-based study
84	Microaggression experiences, stress, and coping for lesbian, bisexual, or queer-identified women seeking the goals of childbirth and/or co-parenting: An online survey of experiences with maternal health care	 Liss, Amy Rebecca	2015	ProQuest Dissertations and Theses				0	1	0	0	US-based study
85	Expecting good things and feeling good: A sociological approach to health inequalities.	 Andersson, Matthew Anders	2015	Dissertation Abstracts International, A: The Humanities and Social Sciences	76	2		1	0	0	0	Duplicate of 59
86	Exploring facilitating factors and barriers to participation in a community-based physical activity and nutrition program among parents in Austin, Texas	" Lodine, Allison Margaret
Lodine
Margaret
Allison
Lodine, Allison Margaret"	2015	ProQuest Dissertations and Theses				0	0	0	0	US-based study
87	Measuring maternal and child health in Uganda: a subnational analysis	" Roberts, David Allen
Roberts
Allen
David
Roberts, David Allen"	2015	ProQuest Dissertations and Theses				0	0	0	0	Ugandan study
88	International patients within the NHS: A case of public sector entrepreneurialism	" Lunt, Neil
Exworthy, Mark
Hanefeld, Johanna
Smith, Richard D"	2015	Social Science & Medicine	124		 338-345	0	1	0	0	Assessment of NHS entrepreneurship and ‘health’ of NHS organisation(s)
89	Weathering the storm: The long-term consequences of Hurricane Katrina on mental health, mobility and recovery	" Merdjanoff, Alexis Ann
Merdjanoff
Ann
Alexis
Merdjanoff, Alexis Ann"	2015	ProQuest Dissertations and Theses				0	0	0	0	US-based study
91	Variations in the relation between education and cause-specific mortality in 19 European populations: A test of the 'fundamental causes' theory of social inequalities in health	" Mackenbach, Johan P
Kulhanova, Ivana
Bopp, Matthias
Deboosere, Patrick
Eikemo, Terje A
Hoffmann, Rasmus
Kulik, Margarete C
Leinsalu, Mall
Martikainen, Pekka
Menvielle, Gwenn
Regidor, Enrique
Wojtyniak, Bogdan
Ostergren, Olof
Lundberg, Olle"	2015	Social Science & Medicine	127		 51-62	1	0	0	0	Duplicate of 90
92	Explaining the Persistence of Health Disparities: Social Stratification and the Efficiency-Equity Trade-off in the Kidney Transplantation System	" Daw, Jonathan
J.
Jonathan
Daw
Jonathan Daw"	2015	The American Journal of Sociology	120	6		0	1	1	0	US-based study
93	Mental health self-management questionnaire: Development and psychometric properties	" Coulombe, Simon
 Radziszewski, Stephanie
Trépanier, Sarah-Geneviève
Provencher, Hélène
Roberge, Pasquale
Hudon, Catherine
Meunier, Sophie
Provencher, Martin D
Houle, Janie"	2015	Journal of Affective Disorders	181		 41-49	0	1	1	0	Canadian study
94	Poverty and Health: Children of Rural-to-Urban Migrant Workers in Beijing, China	" Cao, Yang
Y.
Yang
Cao
Yang Cao , Liu, Zhengkui
Z.
Zhengkui
Liu
Zhengkui Liu"	2015	Social Indicators Research	123	2	 459-477	0	0	0	0	Chinese study
95	A Mediation Effect of Ego Resiliency Between Stresses and Mental Health of North Korean Refugee Youth in South Korea	" Kim, Yeunhee J
Cho, Young-a
Kim, Hyun Ah"	2015	Child & Adolescent Social Work Journal	32	5	 481-490	0	0	0	0	North/South Korean study
97	Family-Level Factors and African American Children's Behavioral Health Outcomes: A Systematic Review	" Washington, Tyreasa
Rose, Theda
Colombo, Gia
Hong, Jun Sung
 Coard, Stephanie Irby"	2015	Child & Youth Care Forum	44	6	 819-834	0	0	0	0	US-based study
99	Parents Perception of Safety in Pennsylvania and Children's Activity and Weight	" Carr, Linda
Carr
Linda
Carr, Linda"	2016	ProQuest Dissertations and Theses				0	0	0	0	US-based study
100	Quantifying the effects of community health center access on health for medically-vulnerable populations	 Johnson, Danielle N.	2016	ProQuest Dissertations and Theses				0	1	1	0	US-based study
101	Essays on labor economics	" Lu, Chenyan
Lu
Chenyan
Lu, Chenyan"	2016	ProQuest Dissertations and Theses				0	1	0	0	Chinese/Singaporean study
102	The effects on caregivers of cancer patients' needs and family hardiness	" Jeong, Ansuk
Shin, Dong Wook
Kim, So Young
Yang, Hyung Kook
Shin, Joo Yeon
Park, Keeho
An, Ji Yeong
Jong-Hyock Park"	2016	Psycho-Oncology	25	1	 84-90	0	1	0	0	South Korean study
103	Risk factors of severity of abuse against older women in the home setting: A multinational European study	" Donder, Liesbeth De
Lang, Gert
Ferreira-Alves, José
Penhale, Bridget
Tamutiene, Ilona
Luoma, Minna-Liisa"	2016	Journal of Women & Aging	28	6	 540-554	0	1	0	0	European, not UK
104	Adaptation and resilience	 Ebi, Kristie L	2016	Public Health Reviews	37		 n/a	0	1	1	0	Low/middle income countries
105	A mixed-methods study on urban health and community resilience in the Lagos metropolis	" Mogo, Ebelechukwu Raluchukwu Ijeoma
"	2016	ProQuest Dissertations and Theses				0	0	0	0	Nigerian study
106	Essays in Informal Risk Sharing	 Jain, Prachi	2016	ProQuest Dissertations and Theses				0	1	0	0	US/Kenyan study
107	Does socio-cultural and psychological adjustment influence physical health? The case of North Korean refugees in South Korea	" Kraeh, Albert
Fabian Jintae
Kim, Sin Gon"	2016	International Journal of Intercultural Relations : IJIR	51			0	0	0	0	North/South Korean study
108	A qualitative study of methamphetamine initiation in Cape Town, South Africa	" Hobkirk, Andréa L
 Watt, Melissa H
Myers, Bronwyn
Skinner, Donald
Meade, Christina S"	2016	The International Journal of Drug Policy	30			0	0	0	0	South African study
109	Comorbid Development of Disruptive Behaviors from age 1½ to 5 Years in a Population Birth-Cohort and Association with School Adjustment in First Grade	" Carbonneau, Rene
Boivin, Michel
Brendgen, Mara
Nagin, Daniel
Tremblay, Richard E"	2016	Journal of Abnormal Child Psychology	44	4	 677-690	0	0	0	0	Not UK-based study
110	Comorbid Development of Disruptive Behaviors from age 1½ to 5 Years in a Population Birth-Cohort and Association with School Adjustment in First Grade	"Carbonneau, Rene
Boivin, Michel
Brendgen, Mara
Nagin, Daniel
Tremblay, Richard E"	2016	Journal of Abnormal Child Psychology	44	4	 677-690	1	0	0	0	Duplicate of 109
111	You're Not Alone: Mental Health Outcomes in Therapy Groups for Abused Women	" Tutty, Leslie M
Babins-wagner, Rochelle (robbie)
Rothery, Michael A"	2016	Journal of Family Violence	31	4	 489-497	0	1	1	0	Canadian study
112	Clinical, Psychosocial, and Demographic Factors Are Associated With Overweight and Obesity in Early Adolescent Girls With Type 1 Diabetes	" Minges, Karl E
Whittemore, Robin
Chao, Ariana M
Jefferson, Vanessa
Murphy, Kathryn M
Grey, Margaret"	2016	Diabetes Educator	42	5	 538-548	0	1	1	0	US-based study
113	7.4 BUILDING RESILIENCE AT SCHOOL IN AT-RISK ADOLESCENTS IN COLOMBIA	 Ordonez, Anna E, MD	2016	Journal of the American Academy of Child and Adolescent Psychiatry	55	10		0	0	0	0	Colombian study
114	3.5 EVIDENCE BASE OF RESILIENCE IN WAR-AFFECTED YOUTH SYRIAN REFUGEE ADOLESCENTS	 Song, Suzan J, MD	2016	Journal of the American Academy of Child and Adolescent Psychiatry	55	10		0	1	1	0	Not UK-based study
115	How Veterans With Post-Traumatic Stress Disorder and Comorbid Health Conditions Utilize eHealth to Manage Their Health Care Needs: A Mixed-Methods Analysis	" Whealin, Julia M, PhD
Jenchura, Emily C, MA
Wong, Ava C, MPH
Zulman, Donna M, MS, MD"	2016	Journal of Medical Internet Research	18	10		0	1	0	0	US-based study
116	Well Communities		2017	Perspectives In Public Health	137	1	 17-20	0	1	1	0	Not empirical or systematic review
117	Perceived stress among 20-21 year-olds and their future labour market participation - an eight-year follow-up study	Trolle, N; Lund, T; Winding, TN; Labriola, M	2017	BMC Public Health	17			0	1	1	0	Danish study
118	Financial barriers and coping strategies: a qualitative study of accessing multidrug-resistant tuberculosis and tuberculosis care in Yunnan, China	Hutchison, C; Khan, MS; Yoong, J; Lin, X; Coker, RJ	2017	BMC Public Health	17			0	0	0	0	Chinese study
119	Creating Community Resilience Through Elder-Led Physical and Social Infrastructure	Aldrich, DP; Kyota, E	2017	Disaster Medicine And Public Health Preparedness	11	1		0	1	0	0	Japanese study
120	A resilience, health and well-being lens for education and poverty	Ebersohn, L	2017	South African Journal Of Education	37	1		0	1	1	0	South African study
121	Randomized Controlled Trial of a Community Health Worker Self-Management Support Intervention Among Low-Income Adults With Diabetes, Seattle, Washington, 2010-2014	Nelson, K; Taylor, L; Silverman, J; Kiefer, M; Hebert, P; Lessler, D; Krieger, J	2017	Preventing Chronic Disease	14			0	0	0	0	US-based study
122	Understanding How Low-Socioeconomic Status Households Cope with Health Shocks: An Analysis of Multisector Linked Data	Leonard, T; Hughes, AE; Pruit, SL	2017	Annals Of The American Academy Of Political And Social Science	669	1		0	1	1	0	US-based study
123	Premature mortality resilience and wellbeing within urban Maori communities	Waa, AM; Pearson, AL; Ryks, JL	2017	Health & Place	43			0	0	0	0	New Zealand study
124	Public perception and responses to environmental pollution and health risks: evaluation and implication from a national survey in China	Chen, Y; Zhang, Z; Shi, PJ; Song, X; Wang, P; Wei, X; Tao, FL	2017	Journal Of Risk Research	20	3		0	0	0	0	Chinese study
125	A COMPUTABLE OVERLAPPING GENERATIONS MODEL FOR GENDER AND GROWTH POLICY ANALYSIS	Agenor, PR	2017	Macroeconomic Dynamics	21	1		0	1	1	0	Simulation: based on hypothetical data
126	The rationalization and persistence of organic food beliefs in the face of contrary evidence	Olson, EL	2017	Journal Of Cleaner Production	140			0	1	0	0	US-based study
127	Factors leading to orphans and vulnerable children living in community-based homes	Pillay, J	2016	Journal Of Psychology In Africa	26	6		0	1	0	0	South African study
128	Intergenerational persistence of health: Do immigrants get healthier as they remain in the US for more generations?	Akbulut-Yuksel, M; Kugler, AD	2016	Economics & Human Biology	23			0	0	0	0	US-based study
129	A health care navigation tool assesses asthma self-management and health literacy	Perez, L; Morales, KH; Klusaritz, H; Han, XY; Huang, JR; Rogers, M; Bennett, IM; Rand, CS; Ndicu, G; Apter, AJ	2016	Journal Of Allergy And Clinical Immunology	138	6		0	1	0	0	US-based study; pathology: asthma
130	Resilience in Adolescence, Health, and Psychosocial Outcomes	Brody, GH; Yu, TY; Miller, GE; Chen, E	2016	Pediatrics	138	6		0	1	0	0	US-based study
131	Exploring pathways for building trust in vaccination and strengthening health system resilience	Ozawa, S; Paina, L; Qiu, M	2016	BMC Health Services Research	16			0	0	0	0	US-based researchers; Systematic review: not based on particular geography; resilience of health system not individuals
132	Quality maternity care for every woman, everywhere: a call to action	Koblinsky, M; Moyer, CA; Calvert, C; Campbell, J; Campbell, OMR; Feigl, AB; Graham, WJ; Hatt, L; Hodgins, S; Matthews, Z; McDougall, L; Moran, AC; Nandakumar, AK; Langer, A	2016	Lancet	388	10057		0	1	0	0	Not empirical paper
133	Victimisation, poly-victimisation and health-related quality of life among high school students in Vietnam: a cross-sectional survey	Le, MTH; Holton, S; Nguyen, HT; Wolfe, R; Fisher, J	2016	Health And Quality Of Life Outcomes	14			0	0	0	0	Vietnamese study
134	Chronic Disease and Depression Among Hispanic Americans: Reconceptualizing the Masculine Self	Chan, I; Corvin, JA	2016	American Journal Of Mens Health	10	6		0	0	0	0	US-based study
135	Risk factors of severity of abuse against older women in the home setting: A multinational European study	De Donder, L; Lang, G; Ferreira-Alves, J; Penhale, B; Tamutiene, I; Luoma, ML	2016	Journal Of Women & Aging	28	6		1	0	0	0	Duplicate of 103
136	The association between health literacy and self-management abilities in adults aged 75 and older, and its moderators	Geboers, B; de Winter, AF; Spoorenberg, SLW; Wynia, K; Reijneveld, SA	2016	Quality Of Life Research	25	11		0	1	1	0	Dutch study
137	Discrimination-related health inequality and role of social capital among marriage migrant women in South Korea	Kim, CO	2016	International Journal For Equity In Health	15			0	0	0	0	South Korean study
138	Community Engagement Compared With Technical Assistance to Disseminate Depression Care Among Low-Income, Minority Women: A Randomized Controlled Effectiveness Study	Ngo, VK; Sherbourne, C; Chung, BW; Tang, LQ; Wright, AL; Whittington, Y; Wells, K; Miranda, J	2016	American Journal Of Public Health	106	10		0	1	0	0	US-based study
139	How Veterans With Post-Traumatic Stress Disorder and Comorbid Health Conditions Utilize eHealth to Manage Their Health Care Needs: A Mixed-Methods Analysis	Whealin, JM; Jenchura, EC; Wong, AC; Zulman, DM	2016	Journal Of Medical Internet Research	18	10		1	0	0	0	Duplicate of 115
140	The burden of alcohol use disorders in US military veterans: results from the National Health and Resilience in Veterans Study	Fuehrlein, BS; Mota, N; Arias, AJ; Trevisan, LA; Kachadourian, LK; Krystal, JH; Southwick, SM; Pietrzak, RH	2016	Addiction	111	10		0	0	0	0	US-based study; population: veterans
141	Clinical, Psychosocial, and Demographic Factors Are Associated With Overweight and Obesity in Early Adolescent Girls With Type 1 Diabetes	Minges, KE; Whittemore, R; Chao, AM; Jefferson, V; Murphy, KM; Grey, M	2016	Diabetes Educator	42	5		1	0	0	0	Duplicate of 112
142	Medical Spending in France: Concentration, Persistence and Evolution before Death	Gastaldi-Menager, C; Geoffard, PY; de Lagasnerie, G	2016	Fiscal Studies	37	3-4		0	0	0	0	French study
143	Educational attainment and health transitions over the life course: testing the potential mechanisms	Elovainio, M; Rosenstrom, T; Hakulinen, C; Pulkki-Raback, L; Mullola, S; Jokela, M; Josefsson, K; Raitakari, OT; Keltikangas-Jarvinen, L	2016	Journal Of Public Health	38	3		0	1	0	0	Finnish study
144	The influence of healthcare workers' occupation on Health Promoting Lifestyle Profile	Profis, M; Simon-Tuval, T	2016	Industrial Health	54	5		0	1	1	0	Israeli study
145	Unintended Pregnancy, Depression, and Hazardous Drinking in a Community-Based Sample of Sexual Minority Women	Everett, BG; McCabe, KF; Hughes, TL	2016	Journal Of Womens Health	25	9		0	1	0	0	US-based study
146	A 6-year Follow-up survey of health status in middle-aged women with Turner syndrome	Fjermestad, KW; Naess, EE; Bahr, D; Gravholt, CH	2016	Clinical Endocrinology	85	3		0	1	1	0	Nordic
147	Talk with me: perspectives on services for men with problem gambling and housing instability	Guilcher, SJT; Hamilton-Wright, S; Skinner, W; Woodhall-Melnik, J; Ferentzy, P; Wendaferew, A; Hwang, SW; Matheson, FI	2016	BMC Health Services Research	16			0	1	0	0	Canadian study
148	Quality of Life and Its Related Factors in Chinese Unemployed People: A Population-Based Cross-Sectional Study	Yang, XS; Yao, LT; Wu, H; Wang, Y; Liu, L; Wang, JN; Wang, L	2016	International Journal Of Environmental Research And Public Health	13	8		0	0	0	0	Chinese study
149	Community-based fortified dietary intervention improved health outcomes among low-income African-American women	Salihu, HM; Adegoke, KK; Das, R; Wilson, RE; Mazza, J; Okoh, JO; Naik, E; Berry, E	2016	Nutrition Research	36	8		0	0	0	0	US-based study
150	Global health burden and needs of transgender populations: a review	Reisner, SL; Poteat, T; Keatley, J; Cabral, M; Mothopeng, T; Dunham, E; Holland, CE; Max, R; Baral, SD	2016	Lancet	388	10042		0	1	1	0	Predominantly US-based studies
151	The effects of patient-professional partnerships on the self-management and health outcomes for patients with chronic back pain: A quasi-experimental study	Fu, Y; Yu, G; McNichol, E; Marczewski, K; Closs, SJ	2016	International Journal Of Nursing Studies	59			0	1	0	0	Review of intervention on chronic back pain. Independently reviewed by colleague
152	An Overly Permissive Extension	Kagan, J	2016	Perspectives On Psychological Science	11	4		0	1	0	0	Not empirical paper
153	Economic vulnerability to health shocks and coping strategies: evidence from Andhra Pradesh, India	Dhanaraj, S	2016	Health Policy And Planning	31	6		0	0	0	0	Indian study
154	Can Households Cope with Health Shocks in Vietnam?	Mitra, S; Palmer, M; Mont, D; Groce, N	2016	Health Economics	25	7		0	0	0	0	Vietnamese study
155	Preparing national health systems to cope with the impending tsunami of ageing and its associated complexities: Towards more sustainable health care	Amalberti, R; Nicklin, W; Braithwaite, J	2016	International Journal For Quality In Health Care	28	3		0	1	0	0	Opinion/conference report
156	Factors Associated With Perceived Health Status of Multiracial/Ethnic Midlife Women in the United States	Ko, Y; Chee, W; Im, EO	2016	Jognn-Journal Of Obstetric Gynecologic And Neonatal Nursing	45	3		0	0	0	0	US-based study
157	Low Wages as Occupational Health Hazards	Leigh, JP; De Vogli, R	2016	Journal Of Occupational And Environmental Medicine	58	5		0	1	0	0	US-based study; opinion
158	You're Not Alone: Mental Health Outcomes in Therapy Groups for Abused Women	Tutty, LM; Babins-Wagner, R; Rothery, MA	2016	Journal Of Family Violence	31	4		1	0	0	0	Duplicate of 111
159	Comorbid Development of Disruptive Behaviors from age 1A1/2 to 5 Years in a Population Birth-Cohort and Association with School Adjustment in First Grade	Carbonneau, R; Boivin, M; Brendgen, M; Nagin, D; Tremblay, RE	2016	Journal Of Abnormal Child Psychology	44	4		1	0	0	0	Duplicate of 109
160	Ethnic Classification in the New Zealand Health Care System	Rata, E; Zubaran, C	2016	Journal Of Medicine And Philosophy	41	2		0	0	0	0	New Zealand study
161	A qualitative study of methamphetamine initiation in Cape Town, South Africa	Hobkirk, AL; Watt, MH; Myers, B; Skinner, D; Meade, CS	2016	International Journal Of Drug Policy	30			1	0	0	0	Duplicate of 108
162	If I Don't Like the Way I Feel With a Certain Drug, I'll Tell Them.: Older Adults' Experiences With Self-Determination and Health Self-Advocacy	Ruggiano, N; Whiteman, K; Shtompel, N	2016	Journal Of Applied Gerontology	35	4		0	1	0	0	US-based study
163	HealthMap: a cluster randomised trial of interactive health plans and self-management support to prevent coronary heart disease in people with HIV	Dodson, S; Klassen, KM; McDonald, K; Millard, T; Osborne, RH; Battersby, MW; Fairley, CK; Simpson, JA; Lorgelly, P; Tonkin, A; Roney, J; Slavin, S; Sterjovski, J; Brereton, M; Lewin, SR; Crooks, L; Watson, J; Kidd, MR; Williams, I; Elliott, JH	2016	BMC Infectious Diseases	16			0	1	0	0	Australian study
164	Does socio-cultural and psychological adjustment influence physical health? The case of North Korean refugees in South Korea	Kraeh, A; Froese, FJ; Kim, SG	2016	International Journal Of Intercultural Relations	51			1	0	0	0	Duplicate of 107
165	Uptake of health monitoring and disease self-management in Australian adults with neurofibromatosis type 1: strategies to improve care	Crawford, HA; Barton, B; Wilson, MJ; Berman, Y; McKelvey-Martin, VJ; Morrison, PJ; North, KN	2016	Clinical Genetics	89	3		0	0	0	0	Australian study
166	Contribution of income to self-management and health outcomes in pediatric type 1 diabetes	Rechenberg, K; Whittemore, R; Grey, M; Jaser, S	2016	Pediatric Diabetes	17	2		1	1	1	0	Duplicate of 83
167	Resource Effective Strategies to Prevent and Treat Cardiovascular Disease	Schwalm, JD; McKee, M; Huffman, MD; Yusuf, S	2016	Circulation	133	8		0	1	0	0	Not empirical; low and middle income countries
168	Variability in Use of Health Services and Its Association with Self-Management Skills: A Population-Based Exploratory Analysis	Parekh, S; Kendall, E; Ehrlich, C	2016	Population Health Management	19	1		0	1	0	0	Australian study
169	Retention of health workers in rural Sierra Leone: findings from life histories	Wurie, HR; Samai, M; Witter, S	2016	Human Resources For Health	14			0	0	0	0	Sierra Leone study
170	Access to Treatment for Diabetes and Hypertension in Rural Cambodia: Performance of Existing Social Health Protection Schemes	Bigdeli, M; Jacobs, B; Men, CR; Nilsen, K; Van Damme, W; Dujardin, B	2016	Plos One	11	1		0	0	0	0	Cambodian study
171	Socioeconomic health disparities revisited: coping flexibility enhances health-related quality of life for individuals low in socioeconomic status	Atal, S; Cheng, C	2016	Health And Quality Of Life Outcomes	14			0	1	0	0	Indian study
172	Perceived social status among people with psychiatric disabilities attending work-oriented and meeting place-oriented day centers	Tjornstrand, C; Argentzell, E; Eklund, M	2016	Work-A Journal Of Prevention Assessment & Rehabilitation	55	1		0	1	0	0	Swedish study
174	Qualitative study exploring surgical team members' perception of patient safety in conflict-ridden Eastern Democratic Republic of Congo	Labat, F; Sharma, A	2016	BMJ Open	6	4		0	0	0	0	DR Congo
175	Interventions for promoting reintegration and reducing harmful behaviour and lifestyles in street-connected children and young people	Coren, E; Hossain, R; Pardo, JP; Bakker, B	2016	Cochrane Database Of Systematic Reviews		1		0	1	1	0	Systematic review Only US and South Korean papers
176	Associations between Neighborhood Characteristics, Well-Being and Health Vary over the Life Course	Eibich, P; Krekel, C; Demuth, I; Wagner, GG	2016	Gerontology	62	3		0	1	0	0	German study
177	The effects on caregivers of cancer patients' needs and family hardiness	Jeong, A; Shin, DW; Kim, SY; Yang, HK; Shin, JY; Park, K; An, JY; Park, JH	2016	Psycho-Oncology	25	1		1	0	0	0	Duplicate of 102
178	Survival strategies of elderly women in Ngangelizwe Township, Mthatha, South Africa: Livelihoods, social networks and income	Sidloyi, SS; Bomela, NJ	2016	Archives Of Gerontology And Geriatrics	62			0	0	0	0	South African study
179	Teen Mothers' Mental Health	SmithBattle, L; Freed, P	2016	MCN-The American Journal Of Maternal-Child Nursing	41	1		0	1	0	0	US-based study
180	Ecological Factors Predict Transition Readiness/Self-Management in Youth With Chronic Conditions	Javalkar, K; Johnson, M; Kshirsagar, AV; Ocegueda, S; Detwiler, RK; Ferris, M	2016	Journal Of Adolescent Health	58	1		0	1	0	0	US-based study
181	Benchmarking health system performance across regions in Uganda: a systematic analysis of levels and trends in key maternal and child health interventions, 1990-2011	Roberts, DA; Ng, M; Ikilezi, G; Gasasira, A; Dwyer-Lindgren, L; Fullman, N; Nalugwa, T; Kamya, M; Gakidou, E	2015	BMC Medicine	13			0	0	0	0	Ugandan study
182	An Ecosystems and Vulnerable Populations Perspective on Solastalgia and Psychological Distress After a Wildfire	Eisenman, D; McCaffrey, S; Donatello, I; Marshal, G	2015	Ecohealth	12	4		0	1	0	0	US-based study
183	The dynamics of health and its determinants among the elderly in developing countries	Kim, Y	2015	Economics & Human Biology	19			1	0	0	0	Duplicate of 109
184	ASHA: Using Participatory Methods to Develop an Asset-building Mental Health Intervention for Bangladeshi Immigrant Women	Karasz, A; Raghavan, S; Patel, V; Zaman, M; Akhter, L; Kabita, M	2015	Progress In Community Health Partnerships-Research Education And Action	9	4		0	0	0	0	Bangladeshi study
185	Patient and community centered eHealth: Exploring eHealth barriers and facilitators for chronic disease self-management within British Columbia's immigrant Chinese and Punjabi seniors	Zibrik, L; Khan, S; Bangar, N; Stacy, E; Lauscher, HN; Ho, K	2015	Health Policy And Technology	4	4		0	0	0	0	Chinese and Punjabi study
186	Family-Level Factors and African American Children's Behavioral Health Outcomes: A Systematic Review	Washington, T; Rose, T; Colombo, G; Hong, JS; Coard, SI	2015	Child & Youth Care Forum	44	6		1	0	0	0	Duplicate of 97
187	Rural-Urban Differences in Mental Health, Resilience, Stigma, and Social Support Among Young Australian Gay Men	Lyons, A; Hosking, W; Rozbroj, T	2015	Journal Of Rural Health	31	1		0	0	0	0	Australian study
188	Long-standing poliomyelitis and psychological health	Shiri, S; Gartsman, I; Meiner, Z; Schwartz, I	2015	Disability And Rehabilitation	37	24		0	1	0	0	Israeli study
189	Risk and resilience: health inequalities, working conditions and sickness benefit arrangements: an analysis of the 2010 European Working Conditions survey	van der Wel, KA; Bambra, C; Dragano, N; Eikemo, TA; Lunau, T	2015	Sociology Of Health & Illness	37	8		1	0	0	0	Duplicate of 96
190	Predictors of Health Literacy and Numeracy Concordance Among Adolescents With Special Health Care Needs and Their Parents	Chisolm, DJ; Sarkar, M; Kelleher, KJ; Sanders, LM	2015	Journal Of Health Communication	20			0	1	0	0	US-based study
191	Demographic and Psychosocial Factors Associated With Psychological Distress and Resilience Among Transgender Individuals	Bariola, E; Lyons, A; Leonard, W; Pitts, M; Badcock, P; Couch, M	2015	American Journal Of Public Health	105	10		0	1	0	0	Australian study
192	Picture Good Health: A Church-Based Self-Management Intervention Among Latino Adults with Diabetes	Baig, AA; Benitez, A; Locklin, CA; Gao, Y; Lee, SM; Quinn, MT; Solomon, MC; Sanchez-Johnsen, L; Burnet, DL; Chin, MH	2015	Journal Of General Internal Medicine	30	10		0	0	0	0	US-based study
193	Greek Immigrants in Australia: Implications for Culturally Sensitive Practice	Georgiades, SD	2015	Journal Of Immigrant And Minority Health	17	5		0	0	0	0	Australian study
194	Endurance, resistance and resilience in the South African health care system: case studies to demonstrate mechanisms of coping within a constrained system	Eyles, J; Harris, B; Fried, J; Govender, V; Munyewende, P	2015	BMC Health Services Research	15			0	0	0	0	South African study
196	Perceived discrimination, socioeconomic status, and mental health among Latino adolescents in US immigrant families	Rios-Salas, V; Larson, A	2015	Children And Youth Services Review	56			0	0	0	0	US-based study
197	Poverty and Health: Children of Rural-to-Urban Migrant Workers in Beijing, China	Cao, Y; Liu, ZK	2015	Social Indicators Research	123	2		1	0	0	0	Duplicate of 94
198	Social Support and Health in Diabetes Patients: An Observational Study in Six European Countries in an Era of Austerity	Koetsenruijter, J; van Lieshout, J; Lionis, C; Portillo, MC; Vassilev, I; Todorova, E; Foss, C; Gil, MS; Knutsen, IR; Angelaki, A; Mujika, A; Roukova, P; Kennedy, A; Rogers, A; Wensing, M	2015	Plos One	10	8		0	1	1	0	Review of intervention for diabetes patients. Independently reviewed by colleague.
199	Reducing income-related inequalities in care and health: insights from Israel	Schoen, C	2015	Israel Journal Of Health Policy Research	4			0	0	0	0	Israeli study
200	Climate Change and Health on the US Gulf Coast: Public Health Adaptation is Needed to Address Future Risks	Petkova, EP; Ebi, KL; Culp, D; Redlener, I	2015	International Journal Of Environmental Research And Public Health	12	8		0	0	0	0	US-based study
201	The Determinants of young Adult Social well-being and Health (DASH) study: diversity, psychosocial determinants and health	Harding, S; Read, UM; Molaodi, OR; Cassidy, A; Maynard, MJ; Lenguerrand, E; Astell-Burt, T; Teyhan, A; Whitrow, M; Enayat, ZE	2015	Social Psychiatry And Psychiatric Epidemiology	50	8		0	1	1	0	Principal findings based on age 14-16 years. Pilot follow-up at age 21-23 but to test feasibility of data linkage; contacting participants; etc.
202	Stress, Coping, and Mental Health Differences among Homeless People	Lippert, AM; Lee, BA	2015	Sociological Inquiry	85	3		0	1	1	0	US-based study
203	Mental health self-management questionnaire: Development and psychometric properties	Coulombe, S; Radziszewski, S; Trepanier, SG; Provencher, H; Roberge, P; Hudon, C; Meunier, S; Provencher, MD; Houle, J	2015	Journal Of Affective Disorders	181			1	0	0	0	Duplicate of 93
205	A 'GOOD SPACE' CANNOT LAST FOREVER: PERCEIVED MECHANISMS EXPLAINING THE ROLE OF SOCIAL SUPPORT AS A HEALTH-PROMOTING RESOURCE FOR CAREGIVERS IN HIV-ENDEMIC SOUTH AFRICA	Casale, M; Wild, L	2015	Journal Of Community Psychology	43	5		0	0	0	0	South African study
207	Explaining the Persistence of Health Disparities: Social Stratification and the Efficiency-Equity Trade-off in the Kidney Transplantation System	Daw, J	2015	American Journal Of Sociology	120	6		1	0	0	0	Duplicate of 92
209	Parental employment status and adolescents' health: The role of financial situation, parent-adolescent relationship and adolescents' resilience	Bacikova-Sleskova, M; Benka, J; Orosova, O	2015	Psychology & Health	30	4		0	1	0	0	Slovakian study
210	Dietary and Fluid Restrictions in CKD: A Thematic Synthesis of Patient Views From Qualitative Studies	Palmer, SC; Hanson, CS; Craig, JC; Strippoli, GFM; Ruospo, M; Campbell, K; Johnson, DW; Tong, A	2015	American Journal Of Kidney Diseases	65	4		0	1	1	0	Systematic review of intervention for specific pathology
211	Intimate partner violence and ways of coping with stress: cross-sectional survey of female patients in Russian general practice	Lokhmatkina, NV; Agnew-Davies, R; Costelloe, C; Kuznetsova, OY; Nikolskaya, IM; Feder, GS	2015	Family Practice	32	2		0	0	0	0	Russian study
212	Psychosocial factors for influencing healthy aging in adults in Korea	Han, K; Lee, Y; Gu, J; Oh, H; Han, J; Kim, K	2015	Health And Quality Of Life Outcomes	13			0	0	0	0	Korean paper
213	Physical activity and stress resilience: Considering those at-risk for developing mental health problems	Hegberg, NJ; Tone, EB	2015	Mental Health And Physical Activity	8			0	1	0	0	US-based study
214	Predictors of Depression Among a Sample of South African Mortuary Workers	Nothling, J; Ganasen, K; Seedat, S	2015	Journal Of Nervous And Mental Disease	203	3		0	0	0	0	South African study
215	Variations in the relation between education and cause-specific mortality in 19 European populations: A test of the fundamental causes theory of social inequalities in health	Mackenbach, JP; Kulhanova, I; Bopp, M; Deboosere, P; Eikemo, TA; Hoffmann, R; Kulik, MC; Leinsalu, M; Martikainen, P; Menvielle, G; Regidor, E; Wojtyniak, B; Ostergren, O; Lundberg, O	2015	Social Science & Medicine	127			1	0	0	0	Duplicate of 90
216	The Pain and Opioids IN Treatment study: characteristics of a cohort using opioids to manage chronic non-cancer pain	Campbell, G; Nielsen, S; Bruno, R; Liptzeris, N; Cohen, M; Hall, W; Larance, B; Mattick, RP; Degenhardt, L	2015	Pain	156	2		0	1	0	0	Australian study
217	Enhancing Breastfeeding Rates Among African American Women: A Systematic Review of Current Psychosocial Interventions	Johnson, A; Kirk, R; Rosenblum, KL; Muzik, M	2015	Breastfeeding Medicine	10	1		0	0	0	0	US-based study
218	The Role of Religion and Spirituality in Coping with Type 2 Diabetes: A Qualitative Study among Black Men	Namageyo-Funa, A; Muilenburg, J; Wilson, M	2015	Journal Of Religion & Health	54	1		0	1	0	0	US-based study
219	Experiences of self-management support from GPs among Australian ethnically diverse diabetes patients: A qualitative study	Rose, VK; Harris, MF	2015	Psychology Health & Medicine	20	1		0	0	0	0	Australian study
220	Application of Logistic Regression on the Analysis of Chilean Children's Fears	Gonzalez, MJA; Meline, MC; Campano, CC; Castro, BV	2015	Universitas Psychologica	14	1		0	0	0	0	Chilean study
221	Psychosocial support and resilience building among health workers in Sierra Leone: interrelations between coping skills, stress levels, and interpersonal relationships	Vesel, L; Waller, K; Dowden, J; Fotso, JC	2015	BMC Health Services Research	15			0	0	0	0	Sierra Leone study
222	Dynamics of resilience in forced migration: a 1-year follow-up study of longitudinal associations with mental health in a conflict-affected, ethnic Muslim population	Siriwardhana, C; Abas, M; Siribaddana, S; Sumathipala, A; Stewart, R	2015	BMJ Open	5	2		0	1	0	0	Sri Lankan study
223	International patients within the NHS: A case of public sector entrepreneurialism	Lunt, N; Exworthy, M; Hanefeld, J; Smith, RD	2015	Social Science & Medicine	124			1	0	0	0	Duplicate of 88
224	Practitioner Review: Diagnosing childhood resilience - a systemic approach to the diagnosis of adaptation in adverse social and physical ecologies	Ungar, M	2015	Journal Of Child Psychology And Psychiatry	56	1		0	1	0	0	Not empirical paper
225	Functional, communicative and critical health literacy of chronic disease patients and their importance for self-management	Heijmans, M; Waverijn, G; Rademakers, J; van der Vaart, R; Rijken, M	2015	Patient Education And Counseling	98	1		1	0	0	0	Duplicate of 82
226	Taking part: Engaging knowledge on health in clinical encounters	Nunes, JA; Ferreira, P; Queiros, F	2014	Social Science & Medicine	123			0	1	0	0	Portuguese study
227	Adolescents Misperceive and Are Influenced by High-Status Peers' Health Risk, Deviant, and Adaptive Behavior	Helms, SW; Choukas-Bradley, S; Widman, L; Giletta, M; Cohen, GL; Prinstein, MJ	2014	Developmental Psychology	50	12		0	1	1	0	US-based study
228	Association of Health Self-Empowerment with Health-Promoting Behaviors among Chronically Ill African American and non-Hispanic White Adolescents	Tucker, CM; Wippold, GM; Smith, TM; Desmond, FF; Arthur, TM; Butler, AM; Pauly, RR; Surrency, SL	2014	Journal Of Health Care For The Poor And Underserved	25	4		1	0	0	0	Duplicate of 228
229	Persistence of Health Inequalities in Childhood Injury in the UK; A Population-Based Cohort Study of Children under 5	Orton, E; Kendrick, D; West, J; Tata, LJ	2014	Plos One	9	10		0	1	1	0	Primary research to find incidence of injury over time, not improving injury rates
230	I see it now: Using photo elicitation to understand chronic illness self-management	Fritz, H; Lysack, C	2014	Canadian Journal Of Occupational Therapy-Revue Canadienne D Ergotherapie	81	4		1	0	0	0	Duplicate of 80
231	Understanding Utilization of Outpatient Clinics for Children with Special Health Care Needs in Southern Israel	Peres, H; Glazer, Y; Landau, D; Marks, K; Abokaf, H; Belmaker, I; Cohen, A; Shoham-Vardi, I	2014	Maternal And Child Health Journal	18	8		0	0	0	0	Israeli study
232	On gender and growth: The role of intergenerational health externalities and women's occupational constraints	Agenor, PR; Canuto, O; da Silva, LP	2014	Structural Change And Economic Dynamics	30			0	1	1	0	Simulation: based on hypothetical data
233	The Effects of Income and Skill Utilization on the Underemployed's Self-Esteem, Mental Health, and Life Satisfaction	Roh, YH; Chang, JY; Kim, MU; Nam, SK	2014	Journal Of Employment Counseling	51	3		1	0	0	0	Duplicate of 79
234	Factors Affecting Perceptions of Family Function in Caregivers of Children With Attention Deficit Hyperactivity Disorders	Chen, JY; Clark, MJ; Chang, YY; Liu, YY; Chang, CY	2014	Journal Of Nursing Research	22	3		0	1	0	0	Taiwanese study
235	Does Misery Index Matter for the Persistence of Health Spending? Evidence from OECD Countries	Wu, PC; Liu, SY; Pan, SC	2014	Social Indicators Research	118	2		0	1	1	0	Simulation based model
236	Improving adolescent mental health and resilience through a resilience-based intervention in schools: study protocol for a randomised controlled trial	Dray, J; Bowman, J; Freund, M; Campbell, E; Wolfenden, L; Hodder, RK; Wiggers, J	2014	Trials	15			0	1	0	0	Australian study
237	Family-based prevention of mental health problems in children affected by HIV and AIDS: an open trial	Betancourt, TS; Ng, LC; Kirk, CM; Munyanah, M; Mushashi, C; Ingabire, C; Teta, S; Beardslee, WR; Brennan, RT; Zahn, I; Stulac, S; Cyamatare, FR; Sezibera, V	2014	Aids	28			0	1	0	0	"Rwandan/US study
Specific population: affected by AIDS"
238	Peer Support for Achieving Independence in Diabetes (Peer-AID): Design, methods and baseline characteristics of a randomized controlled trial of community health worker assisted diabetes self-management support	Nelson, K; Drain, N; Robinson, J; Kapp, J; Hebert, P; Taylor, L; Silverman, J; Kiefer, M; Lessler, D; Krieger, J	2014	Contemporary Clinical Trials	38	2		0	1	0	0	Not UK clinical sites
239	Planning Predicts Dental Service Attendance and the Effect is Moderated by Dental Anxiety and Educational Status: Findings from a One-Year Prospective Study	Pakpour, AH; Gellert, P; Asefzadeh, S; Sniehotta, FF	2014	Applied Psychology-Health And Well Being	6	2		1	0	0	0	Duplicate of 75
240	Social Resources and Disordered Living Conditions: Evidence From a National Sample of Community-Residing Older Adults	Cornwell, EY	2014	Research On Aging	36	4		1	0	0	0	Duplicate of 76
243	Multiple Types of Harassment: Associations With Emotional Well-Being and Unhealthy Behaviors in Adolescents	Bucchianeri, MM; Eisenberg, ME; Wall, MM; Piran, N; Neumark-Sztainer, D	2014	Journal Of Adolescent Health	54	6		1	0	0	0	Duplicate of 74
244	Loneliness Among Older Veterans in the United States: Results from the National Health and Resilience in Veterans Study	Kuwert, P; Knaevelsrud, C; Pietrzak, RH	2014	American Journal Of Geriatric Psychiatry	22	6		0	0	0	0	US-based study
245	Subjective Health Complaints and Self-Rated Health: Are Expectancies More Important Than Socioeconomic Status and Workload?	Ree, E; Odeen, M; Eriksen, HR; Indahl, A; Ihlebaek, C; Hetland, J; Harris, A	2014	International Journal Of Behavioral Medicine	21	3		0	1	0	0	Norwegian study
246	Validity of the SF-12 in a Canadian Old Order Mennonite Community	Fisher, K; Newbold, KB	2014	Applied Research In Quality Of Life	9	2		0	0	0	0	Canadian study
247	Addressing health inequities: coronary heart disease training within learning disabilities services	Holly, D; Sharp, J	2014	British Journal Of Learning Disabilities	42	2		1	0	0	0	Duplicate of 73
248	Health-related quality of life and influencing factors among rural left-behind wives in Liuyang, China	Yi, JY; Zhong, B; Yao, SQ	2014	BMC Womens Health	14			0	0	0	0	Chinese study
249	Women's mental health: coping mechanisms in the context of poverty	Moodley, J	2014	Journal Of Psychology In Africa	24	3		0	1	0	0	South African study
251	Are People With Chronic Diseases Interested in Using Telehealth? A Cross-Sectional Postal Survey	Edwards, L; Thomas, C; Gregory, A; Yardley, L; O'Cathain, A; Montgomery, AA; Salisbury, C	2014	Journal Of Medical Internet Research	16	5		0	1	1	0	Test of intervention (telehealth) not applicable to general population
252	A systematic review of the literature on self-management interventions and discussion of their potential relevance for people living with HIV in sub-Saharan Africa	Aantjes, CJ; Ramerman, L; Bunders, JFG	2014	Patient Education And Counseling	95	2		1	0	0	0	Duplicate of 71
253	Financial Coping Strategies of Mental Health Consumers: Managing Social Benefits	Caplan, MA	2014	Community Mental Health Journal	50	4		1	0	0	0	Duplicate of 72
254	Protecting children from taking up smoking: parents' views on what would help	Marck, K; Glover, M; Kira, A; McCool, J; Scragg, R; Nosa, V; Bullen, C	2014	Health Promotion Journal Of Australia	25	1		1	0	0	0	Duplicate of 69
255	Undocumented Immigration Status and Diabetes Care Among Mexican Immigrants In Two Immigration Sanctuary Areas	Iten, AE; Jacobs, EA; Lahiff, M; Fernandez, A	2014	Journal Of Immigrant And Minority Health	16	2		1	0	0	0	Duplicate of 70
256	Perspectives for integration into the local health system of community-based management of acute malnutrition in children under 5 years: a qualitative study in Bangladesh	Kouam, CE; Delisle, H; Ebbing, HJ; Israel, AD; Salpeteur, C; Aissa, MA; Ridde, V	2014	Nutrition Journal	13			0	0	0	0	Bangladeshi study
257	Longitudinal Person-Related Determinants of Physical Activity in Young Adults	Uijtdewilligen, L; Twisk, JWR; Chinapaw, MJM; Koppes, LLJ; Van Mechelen, W; Singh, AS	2014	Medicine And Science In Sports And Exercise	46	3		1	0	0	0	Duplicate of 68
258	Cognitive impairment in public housing residents living in Western New York	Simning, A; Conwell, Y; van Wijngaarden, E	2014	Social Psychiatry And Psychiatric Epidemiology	49	3		0	0	0	0	US-based study
259	Abuse and Resilience in Relation to HAART Medication Adherence and HIV Viral Load Among Women with HIV in the United States	Dale, S; Cohen, M; Weber, K; Cruise, R; Kelso, G; Brody, L	2014	Aids Patient Care And Stds	28	3		0	0	0	0	US-based study
260	Sports participation and health during periods of educational transition: a study of 30-35-year-olds in north-west England	Haycock, D; Smith, A	2014	Sport Education And Society	19	2		1	0	0	0	Duplicate of 67
261	A socially situated approach to inform ways to improve health and wellbeing	Horrocks, C; Johnson, S	2014	Sociology Of Health & Illness	36	2		0	1	0	0	Not empirical paper
262	Health capabilities and diabetes self-management: The impact of economic, social, and cultural resources	Weaver, RR; Lemonde, M; Payman, N; Goodman, WM	2014	Social Science & Medicine	102			0	1	0	0	Canadian study
263	A PROGRAM FOR IMPROVING HEALTH AND STRESS MANAGEMENT FOR ADOLESCENTS FROM LOW-INCOME FAMILIES: INTEGRATING BEHAVIORAL COPING SKILLS, NUTRITION EDUCATION AND YOGA	Diehl, K	2014	Journal Of Adolescent Health	54	2		0	1	0	0	US-based study
264	Access to Care Outcomes: A Telephone Interview Study of a Suburban Safety Net Program for the Uninsured	Feinglass, J; Nonzee, NJ; Murphy, KR; Endress, R; Simon, MA	2014	Journal Of Community Health	39	1		1	0	0	0	Duplicate of 65
265	An argument against the focus on Community Resilience in Public Health	Allmark, P; Bhanbhro, S; Chrisp, T	2014	BMC Public Health	14			0	1	0	0	Not empirical paper
266	How Do People Attribute Income-Related Inequalities in Health? A Cross-Sectional Study in Ontario, Canada	Lofters, A; Slater, M; Kirst, M; Shankardass, K; Quinonez, C	2014	Plos One	9	1		0	0	0	0	Canadian study
267	Multidisciplinary care: experience of patients with complex needs	Maneze, D; Dennis, S; Chen, HY; Taggart, J; Vagholkar, S; Bunker, J; Liaw, ST	2014	Australian Journal Of Primary Health	20	1		1	0	0	0	Duplicate of 66
268	Skin Self-Examination Education for Early Detection of Melanoma: A Randomized Controlled Trial of Internet, Workbook, and In-Person Interventions	Robinson, JK; Gaber, R; Hultgren, B; Eilers, S; Blatt, H; Stapleton, J; Mallett, K; Turrisi, R; Duffecy, J; Begale, M; Martini, M; Bilimoria, K; Wayne, J	2014	Journal Of Medical Internet Research	16	1		0	1	1	0	US-based study; Population: melanoma
269	Factors Contributing to Depressive Symptoms among Mexican Americans and Latinos	Leung, P; LaChapelle, AR; Scinta, A; Olvera, N	2014	Social Work	59	1		1	0	0	0	Duplicate of 54
270	Telephone based self-management support by 'lay health workers' and 'peer support workers' to prevent and manage vascular diseases: a systematic review and meta-analysis	Small, N; Blickem, C; Blakeman, T; Panagioti, M; Chew-Graham, CA; Bower, P	2013	BMC Health Services Research	13			0	1	0	0	Primarily US-based
271	A Review of National-Level Adaptation Planning with Regards to the Risks Posed by Climate Change on Infectious Diseases in 14 OECD Nations	Panic, M; Ford, JD	2013	International Journal Of Environmental Research And Public Health	10	12		0	1	0	0	Not UK-based
273	Surviving the Great Recession: Growing Need and the Stigmatized Safety Net	Sherman, J	2013	Social Problems	60	4		1	1	0	0	Duplicate of 50
274	Agreeableness, conscientiousness, and psychoticism: Distinctive influences of three personality dimensions in adolescence	Heaven, PCL; Ciarrochi, J; Leeson, P; Barkus, E	2013	British Journal Of Psychology	104	4		1	0	0	0	Duplicate of 49
275	Formerly Homeless, Older Women's Experiences with Health, Housing, and Aging	Waldbrook, N	2013	Journal Of Women & Aging	25	4		1	0	0	0	Duplicate of 48
276	BORROWING TO COPE WITH ADVERSE HEALTH EVENTS: LIQUIDITY CONSTRAINTS, INSURANCE COVERAGE, AND UNSECURED DEBT	Babiarz, P; Widdows, R; Yilmazer, T	2013	Health Economics	22	10		0	1	0	0	US-based study
277	A systematic review of studies examining the relationship between reported racism and health and wellbeing for children and young people	Priest, N; Paradies, Y; Trenerry, B; Truong, M; Karlsen, S; Kelly, Y	2013	Social Science & Medicine	95			0	1	0	0	Systematic review: mostly US-based studies
278	Lean on me: Effects of social support on low socioeconomic-status pregnant women	Byrd-Craven, J; Massey, AR	2013	Nursing & Health Sciences	15	3		0	1	0	0	US-based study
279	GETTING STUCK IN THE BLUES: PERSISTENCE OF MENTAL HEALTH PROBLEMS IN AUSTRALIA	Roy, J; Schurer, S	2013	Health Economics	22	9		0	0	0	0	Australian study
280	Attitudes of Older Adults Regarding Disclosure of Complementary Therapy Use to Physicians	Arcury, TA; Bell, RA; Altizer, KP; Grzywacz, JG; Sandberg, JC; Quandt, SA	2013	Journal Of Applied Gerontology	32	5		1	1	0	0	Duplicate of 44
281	Neighbourhood deprivation and adolescent self-esteem: Exploration of the 'socio-economic equalisation in youth' hypothesis in Britain and Canada	Fagg, JH; Curtis, SE; Cummins, S; Stansfeld, SA; Quesnel-Vallee, A	2013	Social Science & Medicine	91			1	0	0	0	Duplicate of 45
282	Defying the odds: A mixed-methods study of health resilience in deprived areas of England	Cairns-Nagi, JM; Bambra, C	2013	Social Science & Medicine	91			1	0	0	0	Duplicate of 46
283	Depressive symptoms in Taiwanese women during the peri- and post-menopause years: Associations with demographic, health, and psychosocial characteristics	Wang, HL; Booth-LaForce, C; Tang, SM; Wu, WR; Chen, CH	2013	Maturitas	75	4		0	0	0	0	Taiwanese study
284	Views and Experiences of Suicidal Ideation During Pregnancy and the Postpartum: Findings from Interviews with Maternal Care Clinic Patients	Tabb, KM; Gavin, AR; Guo, YQ; Huang, H; Debiec, K; Katon, W	2013	Women & Health	53	5		0	1	0	0	US-based study
285	White Box Epidemiology and the Social Neuroscience of Health Behaviors: The Environmental Affordances Model	Mezuk, B; Abdou, CM; Hudson, D; Kershaw, KN; Rafferty, JA; Lee, H; Jackson, JS	2013	Society And Mental Health	3	2		0	1	0	0	US-based study
286	Good Health at Low Cost 25 years on: lessons for the future of health systems strengthening	Balabanova, D; Mills, A; Conteh, L; Akkazieva, B; Banteyerga, H; Dash, U; Gilson, L; Harmer, A; Ibraimova, A; Islam, Z; Kidanu, A; Koehlmoos, TP; Limwattananon, S; Muraleedharan, VR; Murzalieva, G; Palafox, B; Panichkriangkrai, W; Patcharanarumol, W; Penn-Kekana, L; Powell-Jackson, T; Tangcharoensathien, V; McKee, M	2013	Lancet	381	9883		0	1	0	0	Not UK based
287	Health coping strategies of the people vulnerable to climate change in a resource-poor rural setting in Bangladesh	Haque, MA; Budi, A; Malik, AA; Yamamoto, SS; Louis, VR; Sauerborn, R	2013	BMC Public Health	13			0	0	0	0	Bangladeshi study
288	Self-reported illness and household strategies for coping with health-care payments in Bangladesh	Rahman, MM; Gilmour, S; Saito, E; Sultana, P; Shibuya, K	2013	Bulletin Of The World Health Organization	91	6		0	0	0	0	Bangladeshi study
289	Is the belief in meritocracy palliative for members of low status groups? Evidence for a benefit for self-esteem and physical health via perceived control	McCoy, SK; Wellman, JD; Cosley, B; Saslow, L; Epel, E	2013	European Journal Of Social Psychology	43	4		0	1	0	0	US-based study
290	Violence-Related Coping, Help-Seeking and Health Care-Based Intervention Preferences Among Perinatal Women in Mumbai, India	Decker, MR; Nair, S; Saggurti, N; Sabri, B; Jethva, M; Raj, A; Donta, B; Silverman, JG	2013	Journal Of Interpersonal Violence	28	9		0	0	0	0	Indian study
291	The impact of social context on self-management in women living with HIV	Webel, AR; Cuca, Y; Okonsky, JG; Asher, AK; Kaihura, A; Salata, RA	2013	Social Science & Medicine	87			1	0	0	0	Duplicate of 43
292	Does Perceived Physical Attractiveness in Adolescence Predict Better Socioeconomic Position in Adulthood? Evidence from 20 Years of Follow Up in a Population Cohort Study	Benzeval, M; Green, MJ; Macintyre, S	2013	Plos One	8	5		0	1	1	0	Not health/wellbeing
293	Developing population interventions with migrant women for maternal-child health: a focused ethnography	Gagnon, AJ; Carnevale, F; Mehta, P; Rousseau, H; Stewart, DE	2013	BMC Public Health	13			0	1	0	0	Canadian study
294	Chemical sexualities: the use of pharmaceutical and cosmetic products by youth in South Sulawesi, Indonesia	Hardon, A; Idrus, NI; Hymans, TD	2013	Reproductive Health Matters	21	41		1	0	0	0	Duplicate of 42
295	Intergroup Relations and Health Disparities: A Social Psychological Perspective	Major, B; Mendes, WB; Dovidio, JF	2013	Health Psychology	32	5		1	0	0	0	Duplicate of 40
296	Social inequalities in adolescent human papillomavirus (HPV) vaccination: A test of fundamental cause theory	Polonijo, AN; Carpiano, RM	2013	Social Science & Medicine	82			0	1	0	0	US/Canadian study
297	Annual Research Review: Resilience and mental health in children and adolescents living in areas of armed conflict - a systematic review of findings in low- and middle-income countries	Tol, WA; Song, SZ; Jordans, MJD	2013	Journal Of Child Psychology And Psychiatry	54	4		1	0	0	0	Duplicate of 39
298	Viewing health expenditures, payment and coping mechanisms with an equity lens in Nigeria	Ewelukwa, O; Onoka, C; Onwujekwe, O	2013	BMC Health Services Research	13			0	0	0	0	Nigerian study
299	Why are you cast down, o my soul? Exploring intersections of ethnicity, gender, depression, spirituality and implications for Black British Caribbean women's mental health	Edge, D	2013	Critical Public Health	23	1		1	0	0	0	Duplicate of 38
300	Colombian health care system: results on equity for five health dimensions, 2003-2008	Gomez, FR; Jaramillo, TZ; Beltran, LG	2013	Revista Panamericana De Salud Publica-Pan American Journal Of Public Health	33	2		0	0	0	0	Colombian study
301	Gender-based violence against women with visual and physical disabilities	Ferres, ED; Megias, JL; Exposito, F	2013	Psicothema	25	1		0	1	1	0	Spanish study
302	The clinical and cost-effectiveness of the BRinging Information and Guided Help Together (BRIGHT) intervention for the self-management support of people with stage 3 chronic kidney disease in primary care: study protocol for a randomized controlled trial	Blickem, C; Blakeman, T; Kennedy, A; Bower, P; Reeves, D; Gardner, C; Lee, V; Chew-Graham, C; Richardson, G; Brooks, H; Dawson, S; Mossabir, R; Jariwala, P; Swallow, A; Kontopantelis, E; Gaffney, H; Small, N; Spackman, E; Rogers, A	2013	Trials	14			0	0	0	0	Review of BRIGHT intervention. Independently reviewed by colleague
303	Factors associated with health-related quality of life among Indian women in mining and agriculture	D'Souza, MS; Karkada, SN; Somayaji, G	2013	Health And Quality Of Life Outcomes	11			0	0	0	0	Indian study
304	Physical health in a Canadian Old Order Mennonite community	Fisher, KA; Newbold, KB; Eyles, JD; Elliott, SJ	2013	Rural And Remote Health	13	1		0	0	0	0	Canadian study
305	A COMPARATIVE STUDY OF POPULATION HEALTH IN THE UNITED STATES AND CANADA DURING THE NEOLIBERAL ERA, 1980-2008	Siddiqi, A; Kawachi, I; Keating, DP; Hertzman, C	2013	International Journal Of Health Services	43	2		0	0	0	0	US/Canadian study
306	Resource factors for mental health resilience in early childhood: An analysis with multiple methodologies	Miller-Lewis, LR; Searle, AK; Sawyer, MG; Baghurst, PA; Hedley, D	2013	Child And Adolescent Psychiatry And Mental Health	7			0	1	0	0	Australian study
